,xgb_rfr_0,xgb_xgbr_0,xgb_rfr_1,xgb_xgbr_1,xgb_rfr_2,xgb_xgbr_2,xgb_rfr_3,xgb_xgbr_3
rmse,0.8668769994658891,1.0589141798876902,1.948117316376322,1.9639581194436118,1.6473780838997472,1.7278210021953246,1.8279349193635774,2.8347597443582164
r2,-1.7263454687258881,-3.0680609792934757,-0.04353826408535855,-0.06057798903765743,-0.10021514665752695,-0.210287503061392,-0.4370680319349529,-2.456116580196764
mae,0.24129240497620222,0.2913379298339688,0.29179183662877334,0.28787125902225574,0.3834893740327615,0.4072864220572947,0.33430245284577126,0.4080037609110405
