,rfc_rfr_0,rfc_xgbr_0,rfc_rfr_1,rfc_xgbr_1,rfc_rfr_2,rfc_xgbr_2,rfc_rfr_3,rfc_xgbr_3
rmse,2.4181658400153414,3.211001767931932,6.174448069994245,6.33480474777157,2.0036889177860466,2.0953145101560966,3.035752896163062,3.44566884617994
r2,-1.1607877539567943,-2.809965433751988,-0.18781995894537817,-0.2503189136353694,-0.4942695657951237,-0.6340554879438582,-0.2910808399076221,-0.6632888361576024
mae,1.1012760217639666,1.122488219309957,3.1303535345611224,3.1035546366506668,0.5921322604514364,0.5723606049244513,1.507946614847009,1.521788154676133
