,rfr_0,xgbr_0,rfr_1,xgbr_1,rfr_2,xgbr_2,rfr_3,xgbr_3
rmse,0.6707928029660579,1.042662941805951,1.9064936179172676,1.9556917647996943,2.4511350194153256,1.7959228535570706,1.5699875916507806,2.2734727051879067
r2,-0.6324606256010743,-2.944153446053925,0.0005780663046234258,-0.051668773321940975,-1.4357096747110423,-0.3075743888658915,-0.060103601117700745,-1.2229789940312523
mae,0.18189052527920901,0.2666926213188597,0.24507974698304064,0.34622400455864594,0.5613724180928444,0.5061176320475572,0.3057573600012197,0.38587268563913635
