,rfc_rfr_0,rfc_xgbr_0,rfc_rfr_1,rfc_xgbr_1,rfc_rfr_2,rfc_xgbr_2,rfc_rfr_3,rfc_xgbr_3
rmse,0.9775146303086026,1.1831332012626756,1.8689283757024147,1.9260625498857398,1.812365307152155,1.753534617499543,1.8838736616466438,2.894266758650665
r2,-2.466669652254828,-4.078473725368801,0.03957494609436918,-0.020044077765434265,-0.33162681501099645,-0.24657880782512587,-0.5263685829805869,-2.6027405121600684
mae,0.35783504543010064,0.40708887757606455,0.3273319947717437,0.3386067137890391,0.5715786384466719,0.5171316550601116,0.4326222465173342,0.504128506630111
