,xgb_rfr_0,xgb_xgbr_0,xgb_rfr_1,xgb_xgbr_1,xgb_rfr_2,xgb_xgbr_2,xgb_rfr_3,xgb_xgbr_3
rmse,1.7533787774254703,2.16102331585548,5.954700496925076,6.135050096207919,1.7819636257953773,1.823332601740559,2.7695898442997575,3.0674341643053205
r2,-0.1360342824577918,-0.7256743798118612,-0.1047758677421311,-0.17270981614871306,-0.18185998421494443,-0.23737162745759566,-0.0746115798191973,-0.3181690206443406
mae,0.5186451432492653,0.5545389398773272,2.9098597766094056,2.906908330846529,0.3503598966945355,0.3457608408933568,1.0799483350063857,1.1004816794508034
