,rfr_0,xgbr_0,rfr_1,xgbr_1,rfr_2,xgbr_2,rfr_3,xgbr_3
rmse,1.7073477546063145,2.2800278726635743,6.875383953724729,7.996154271531561,1.8120133694672735,2.152114263322308,3.94242045778119,3.077430906320498
r2,-0.07716918684052643,-0.9209685667545768,-0.4728151612894489,-0.9921253532945766,-0.2220561310034348,-0.7238481634147107,-1.1774414182396478,-0.3267748243456001
mae,0.509751822620088,0.6736470040354373,3.942870386979442,4.270188982851197,0.6234227451383202,0.6921353888896093,1.5790771090665703,1.232947902172822
