,rfc_0,xgb_0,rfc_1,xgb_1,rfc_2,xgb_2,rfc_3,xgb_3
f1,0.1072961373390558,0.10367892976588629,0.2968553459119497,0.19202898550724637,0.19288728149487644,0.17228464419475656,0.2598187311178248,0.29978586723768735
accuracy,0.729254799869834,0.8255776114546046,0.8757777777777778,0.9008888888888889,0.7166137566137566,0.8129100529100529,0.7878787878787878,0.8584415584415584
precision,0.058823529411764705,0.060077519379844964,0.19504132231404958,0.1464088397790055,0.11704462326261887,0.11855670103092783,0.1560798548094374,0.19662921348314608
recall,0.6097560975609756,0.3780487804878049,0.6210526315789474,0.2789473684210526,0.547945205479452,0.3150684931506849,0.7747747747747747,0.6306306306306306
