,rfc_0,xgb_0,rfc_1,xgb_1,rfc_2,xgb_2,rfc_3,xgb_3
f1,0.5102395459844702,0.4558052767167096,0.754391220282672,0.7697249548283477,0.21686971077838743,0.17820988273027966,0.5996296645011455,0.6052642805341069
accuracy,0.6577143032837289,0.8116467839134178,0.7288741920937922,0.7586352021644371,0.6975812967984055,0.8527769298450378,0.6946771336939351,0.7785409985161074
precision,0.3484557144573969,0.49637225500628807,0.6310538065515513,0.6677780542423488,0.16039617580301258,0.29534883720930233,0.45033705746476216,0.5546087092486904
recall,0.9524513426952451,0.42136815307547015,0.9376523151909018,0.9084077985377742,0.3347208267547007,0.12760155016506386,0.8969953051643192,0.6661032863849765
