,rfc_rfr_0,rfc_xgbr_0,rfc_rfr_1,rfc_xgbr_1,rfc_rfr_2,rfc_xgbr_2,rfc_rfr_3,rfc_xgbr_3
rmse,2.142701057659614,4.353918066836159,5.936395829364067,7.136007338253771,1.8837018334861013,1.97525368661953,2.8263383509127604,3.4500614743804556
r2,-0.7212912799449249,-6.107088195965824,-0.10305101580018161,-0.5938978039022156,-0.35917575128660983,-0.4945039212711193,-0.12570098043036682,-0.6773682118194269
mae,1.0074289398337384,1.40288792551299,2.8861768959912855,3.1150883071889433,0.8147606370134359,0.7928229538700835,1.4268866543297496,1.6428503939670867
