,rfc_rfr_0,rfc_xgbr_0,rfc_rfr_1,rfc_xgbr_1,rfc_rfr_2,rfc_xgbr_2,rfc_rfr_3,rfc_xgbr_3
rmse,1.4200493001422143,1.5306641303613526,1.8378988490135288,1.7875271363705745,1.569368234166386,1.676574038672526,1.6517773480381612,1.83426659044272
r2,-4.561262015182042,-5.461395470172705,-0.3412000144838554,-0.26869031615452554,-0.29782761444353945,-0.4811968131770461,-0.22326135335315822,-0.5084855516467217
mae,0.548818205119534,0.5089049651075174,0.40009884796643996,0.3412235462960864,0.5073111747494339,0.4833009440048025,0.49269052670830993,0.5622939933990247
