,xgb_rfr_0,xgb_xgbr_0,xgb_rfr_1,xgb_xgbr_1,xgb_rfr_2,xgb_xgbr_2,xgb_rfr_3,xgb_xgbr_3
rmse,1.9501187688282269,1.9692668231764714,4.404552446940686,5.231524842507543,3.0537263107226167,3.5818307130431046,2.1427470575815164,2.523269725367145
r2,-0.4373406630316192,-0.4657054960379883,0.394163993607732,0.14531104133786066,-2.607844284799746,-3.9636102792415917,0.3481100803145145,0.09601795475636543
mae,0.5660201543704398,0.5630365639018843,1.9796704798965543,2.314316420399223,0.796930632869867,0.8942255336827478,0.74946412312948,0.8713287777563781
