,rfr_0,xgbr_0,rfr_1,xgbr_1,rfr_2,xgbr_2,rfr_3,xgbr_3
rmse,4.064380866578288,1.6844408866449052,4.209530995868781,5.110575071394457,4.327375228499798,4.729482236097406,2.116011479540339,2.5932097342974845
r2,-5.243475103153383,-0.07238106467643846,0.4466257670392735,0.18437401399126463,-6.2449713516774485,-7.65395754599272,0.36427617231950105,0.04521027421151602
mae,1.08706501218918,0.6426868573866311,1.9338036616759993,2.4796604920434264,1.6036756164592187,1.6525592541851877,0.7802318444559263,1.0080677841108374
