,rfc_0,xgb_0,rfc_1,xgb_1,rfc_2,xgb_2,rfc_3,xgb_3
f1,0.1894273127753304,0.22576361221779548,0.3400121432908318,0.45232273838630804,0.3810375670840787,0.39504563233376794,0.36471990464839094,0.3542168674698795
accuracy,0.7892727619774766,0.8887192212254247,0.867519804996953,0.9453991468616697,0.8417019329749514,0.8938579434976552,0.8733365019011406,0.8726235741444867
precision,0.10867733782645324,0.14705882352941177,0.22029897718332023,0.41855203619909503,0.25524266027561415,0.3133402275077559,0.26153846153846155,0.2552083333333333
recall,0.7371428571428571,0.4857142857142857,0.7446808510638298,0.4920212765957447,0.7513227513227513,0.5343915343915344,0.6023622047244095,0.5787401574803149
