,xgb_rfr_0,xgb_xgbr_0,xgb_rfr_1,xgb_xgbr_1,xgb_rfr_2,xgb_xgbr_2,xgb_rfr_3,xgb_xgbr_3
rmse,0.8674839046434075,1.0740416977054343,1.575130154598716,1.8495672608717244,1.4584989860931101,1.5515725537216951,2.0891500431665717,2.236561346863577
r2,-0.1764760305614299,-0.8034434002843254,-0.02075867321626612,-0.4074418025135136,0.006364208210320799,-0.12449917459020643,0.13798380035718627,0.012043568000770444
mae,0.14722784030062783,0.17216888181539752,0.20521679710558546,0.23587763540494433,0.24869217469158514,0.2642144175412346,0.36591832657650186,0.37658655799464097
