,rfc_rfr_0,rfc_xgbr_0,rfc_rfr_1,rfc_xgbr_1,rfc_rfr_2,rfc_xgbr_2,rfc_rfr_3,rfc_xgbr_3
rmse,2.4167022769764657,2.4913802268677694,4.429736661568732,5.276752215563003,3.2986848583734716,3.935228562399573,2.332864223697156,2.804910025810555
r2,-1.2074144965669538,-1.345943857018439,0.38721612608089506,0.1304693160870779,-3.209875156676077,-4.991388570407039,0.22729917392710253,-0.11704410312299629
mae,0.9009658322524219,0.8792116222974653,2.0398362790526674,2.3885843276839798,0.9875076412842345,1.1145533802975112,0.9983958697117076,1.1885143337810578
