,rfr_0,xgbr_0,rfr_1,xgbr_1,rfr_2,xgbr_2,rfr_3,xgbr_3
rmse,1.010321919616418,1.1177542481993954,1.5373790010048245,1.5795189485065209,1.449793966220873,1.5312919849333109,2.129043534372265,2.2469111739545626
r2,-0.5958048582827835,-0.9532277707288681,0.027584043411284842,-0.0264548890084928,0.018189799948098107,-0.09529469061015261,0.10474810927732836,0.002878751588338835
mae,0.12004417275356712,0.16196014090338326,0.20084473100431424,0.22951464278877076,0.2240967824011504,0.33573855416711307,0.2724245182764657,0.374337086705146
