,rfc_rfr_0,rfc_xgbr_0,rfc_rfr_1,rfc_xgbr_1,rfc_rfr_2,rfc_xgbr_2,rfc_rfr_3,rfc_xgbr_3
rmse,0.9401584614127112,1.1932319943400274,1.5648552463252556,1.872843577907646,1.467772234434399,1.5811736162485241,2.1485004664212273,2.3238469902766807
r2,-0.3818546051163352,-1.2259223565076658,-0.007484857940436518,-0.4430892760361538,-0.006311184698577499,-0.1678150874884603,0.08831025936248638,-0.06657456237422332
mae,0.2431165550167655,0.2725035019307968,0.27565681315200286,0.3059693340548243,0.29650564775242544,0.3154553216774329,0.3790459799161565,0.38616524098804855
