,rfc_0,xgb_0,rfc_1,xgb_1,rfc_2,xgb_2,rfc_3,xgb_3
f1,0.5907385466034755,0.6900597046192521,0.830318782156686,0.8336453744493392,0.5138346288614121,0.5532659196501777,0.652484076433121,0.7108404775258392
accuracy,0.7546938111231117,0.8686620603944429,0.8282277767336966,0.8377855934706151,0.7943226158223858,0.8607405135544991,0.7543780668977625,0.8375275739431864
precision,0.42689975026757043,0.6115477442911071,0.7403168597777252,0.7661824991143277,0.367136690647482,0.4668388525043815,0.501419481155164,0.6340766152086906
recall,0.9586604710783528,0.7917000480692197,0.9452327757985629,0.9141356198297205,0.8557821303997853,0.6789643144620338,0.9338195077484047,0.8087511394712853
