,rfc_0,xgb_0,rfc_1,xgb_1,rfc_2,xgb_2,rfc_3,xgb_3
f1,0.14548022598870056,0.1956241956241956,0.21907600596125187,0.19505851755526657,0.21940237413016783,0.2247340425531915,0.315668202764977,0.29077117572692796
accuracy,0.7053093034583536,0.8477837311251827,0.8393869731800766,0.9051340996168582,0.7157549560292145,0.8262036070949471,0.8133836003770029,0.823751178133836
precision,0.07984496124031008,0.11674347158218126,0.13267148014440433,0.14018691588785046,0.13060428849902533,0.1518418688230009,0.20296296296296296,0.19230769230769232
recall,0.8174603174603174,0.6031746031746031,0.6282051282051282,0.32051282051282054,0.6854219948849105,0.4322250639386189,0.7098445595854922,0.5958549222797928
