,xgb_rfr_0,xgb_xgbr_0,xgb_rfr_1,xgb_xgbr_1,xgb_rfr_2,xgb_xgbr_2,xgb_rfr_3,xgb_xgbr_3
rmse,1.059771006747868,1.1010815669624916,1.644606672165108,1.611457635426806,1.490590274258574,1.5977183256479321,1.6231868955894795,1.8050913694196566
r2,-2.09735211997062,-2.343532101643098,-0.07392618970264797,-0.03106993400885716,-0.17080309440033647,-0.34514074588852695,-0.18128121804578456,-0.46088026637472224
mae,0.2871870476333515,0.26778762536492917,0.2298755859102422,0.21143953466378962,0.34440227989407657,0.3541036089556729,0.4581890468529356,0.5352729160032004
