,xgb_rfr_0,xgb_xgbr_0,xgb_rfr_1,xgb_xgbr_1,xgb_rfr_2,xgb_xgbr_2,xgb_rfr_3,xgb_xgbr_3
rmse,1.6358172939910292,2.36019939672845,5.915011191773204,7.058945198391666,1.5586370915178078,1.5969673307682926,2.564067209944109,2.9948266549949243
r2,-0.003230648282467996,-1.088471680762432,-0.09511830348590866,-0.5596585016837703,0.06944657695483925,0.023115181291691544,0.0735253283360846,-0.2639157360104414
mae,0.4909392839852608,0.5723739008157421,2.7462618446363045,2.953805765610992,0.3514274780577178,0.3424607123251211,0.9624876627160431,1.093061484860684
