,rfr_0,xgbr_0,rfr_1,xgbr_1,rfr_2,xgbr_2,rfr_3,xgbr_3
rmse,0.7122869280835298,0.93069463630165,1.6270962838657266,1.8078227529925415,1.452724173357148,1.522405401150456,1.473902601069281,1.627373584283945
r2,-0.39918925468438715,-1.388806295061232,-0.051179406883387735,-0.29766333504471487,-0.11207383217177758,-0.2213156641527425,0.02601153461239958,-0.18738283814189072
mae,0.19262981385112346,0.23715249062789057,0.23841573243094807,0.3357412960540343,0.3452800672551358,0.41823171388286906,0.26268566708897617,0.446274674714313
