,rfr_0,xgbr_0,rfr_1,xgbr_1,rfr_2,xgbr_2,rfr_3,xgbr_3
rmse,1.7910220359024422,1.9898769842312711,6.389559864006563,6.592450255735336,1.5422704556192914,1.902330222003246,2.64436164992993,2.870634092393616
r2,-0.2026328408051934,-0.4845118144891869,-0.2778850317197148,-0.36032794315583994,0.08888672356111071,-0.38619111821539165,0.014591188211119821,-0.1612625430262249
mae,0.6305529838551591,0.7114743462342075,3.531219200629651,3.130654067490914,0.5064557739312348,0.5875618189474957,1.125184839284128,1.1890601957790319
