,rfc_0,xgb_0,rfc_1,xgb_1,rfc_2,xgb_2,rfc_3,xgb_3
f1,0.5376542924506496,0.4920139198715089,0.7892661497340355,0.7900596877869606,0.4070155001132576,0.38556701030927837,0.5889595493219503,0.64112787208681
accuracy,0.6991366084052826,0.8287355976053669,0.7746618371158526,0.7929707397136228,0.6812821761513844,0.8756087379991652,0.672398629883355,0.7979309387150527
precision,0.3758280820811116,0.5461028028127166,0.6741715267417153,0.7177267987486966,0.2651684445756209,0.5038167938931297,0.4293577204792752,0.5772333654059655
recall,0.9442234310302834,0.44767394657790044,0.9517487873372479,0.8786060760786316,0.8751739493459505,0.3122738658502644,0.9374191162876687,0.7209280828249214
