,rfc_0,xgb_0,rfc_1,xgb_1,rfc_2,xgb_2,rfc_3,xgb_3
f1,0.18106427090532135,0.22849807445442877,0.38218714768883877,0.4968944099378882,0.38701622971285893,0.4292007551919446,0.38516746411483255,0.3865336658354115
accuracy,0.7890332917927719,0.8930033825885704,0.8711497766282624,0.9428638608041383,0.8412886542398449,0.902273461911432,0.8857269897732325,0.8906180524677635
precision,0.10355731225296443,0.1490787269681742,0.255079006772009,0.46065259117082535,0.2600671140939597,0.35010266940451745,0.2819614711033275,0.2886405959031657
recall,0.7197802197802198,0.489010989010989,0.7617977528089888,0.5393258426966292,0.7560975609756098,0.5544715447154471,0.6075471698113207,0.5849056603773585
