,rfc_0,xgb_0,rfc_1,xgb_1,rfc_2,xgb_2,rfc_3,xgb_3
f1,0.6116381873174263,0.7117832737868119,0.8251400124455507,0.8341543513957307,0.5147845677274008,0.5590470543847357,0.6599496221662469,0.7322551662174304
accuracy,0.7782779384851526,0.8773687939075506,0.8211093132443832,0.8392530305843656,0.7948460622554856,0.8608436808981119,0.7644506084466715,0.8533464566929134
precision,0.4519579751671442,0.6286379511059371,0.729607042963914,0.7704362772357313,0.3681878344938712,0.4683464282488937,0.5121547792090622,0.6655036745601662
recall,0.9457946913975056,0.8202750239846498,0.9494599916462796,0.9093621337788651,0.8553475935828877,0.6933155080213904,0.9276441216522924,0.813890149795733
